,index,x,y,z,nwat,occupancy,Esw,EswLJ,EswElec,Eww,EwwLJ,EwwElec,Etot,Ewwnbr,TSsw_trans,TSsw_orient,TStot,Nnbrs,Nhbww,Nhbsw,Nhbtot,f_hb_ww,f_enc,Acc_ww,Don_ww,Acc_sw,Don_sw,solute_acceptors,solute_donors
0,0,30.95,50.34,35.61,19742,0.99,-11.566535,0.058133,-11.624667,-2.78214,0.550938,-3.333078,-14.348675,-2.153892,-2.472056,-2.865174,-5.33723,1.025225,0.89768,2.718114,3.615794,0.818036,0.802423,0.823321,0.074359,0.876152,1.841961,"GLU58-OE2-0.991,HIS62-ND1-0.851","LYS47-NZ-0.033,PHE162-N-0.843"
1,1,27.94,51.66,40.04,19785,0.99,-18.403442,2.047964,-20.451406,2.170721,-0.345733,2.516453,-16.232721,-0.203084,-2.918868,-3.582936,-6.501804,1.149356,0.344908,3.464241,3.809148,0.274042,0.778501,0.337074,0.007834,1.457266,2.006975,"GLU58-OE1-0.992,GLU58-OE2-0.049,ASP161-OD1-0.002,ASP161-OD2-0.964","ASN29-ND2-0.911,LYS47-NZ-0.546"
2,2,26.94,45.8,29.23,18957,0.95,-4.819714,-0.812953,-4.006761,-6.288491,1.227192,-7.515682,-11.108205,-2.631881,-2.203856,-1.820015,-4.023871,1.972781,1.820277,1.079601,2.899879,0.929775,0.619815,0.981959,0.838318,0.103972,0.975629,"MET92-SD-0.005,GLU93-O-0.971",LEU95-N-0.104
3,3,29.82,48.03,34.1,18544,0.93,-3.901311,-0.895462,-3.005849,-6.247831,1.069675,-7.317506,-10.149141,-2.341924,-2.319738,-1.725534,-4.045271,1.941005,1.688417,1.296484,2.984901,0.892885,0.625939,0.321074,1.367343,0.982906,0.313579,MET92-SD-0.314,"LYS47-NZ-0.001,ASP161-N-0.982"
4,4,29.58,47.99,42.02,16383,0.82,-11.742335,0.275026,-12.017361,-0.288011,0.627711,-0.915722,-12.030346,-0.842944,-2.354539,-2.201243,-4.555782,2.02936,1.02936,1.954038,2.983397,0.565273,0.608911,0.977294,0.052066,0.017152,1.936886,"ASP140-OD2-0.972,ASP161-OD1-0.059,ASP161-OD2-0.419,ASP161-O-0.488","ASN145-ND2-0.0,GLY163-N-0.009,PHE164-N-0.008"
5,5,24.46,51.21,39.94,15414,0.77,-5.663617,-1.078722,-4.584895,-6.02157,1.624213,-7.645783,-11.685187,-1.890264,-1.974056,-1.360299,-3.334356,3.109576,2.285844,0.849617,3.135461,0.757624,0.400737,0.495718,1.790126,0.812573,0.037044,"GLY27-O-0.0,GLY30-O-0.031,ASP161-OD1-0.006","ASN29-N-0.748,ASN29-ND2-0.018,GLY30-N-0.044,LYS47-NZ-0.003"
6,6,25.67,49.25,41.39,15119,0.76,-10.79749,-0.080359,-10.717131,-3.395289,1.922039,-5.317328,-14.192779,-1.133589,-1.909705,-1.851804,-3.761509,3.967326,2.642635,1.15378,3.796415,0.688904,0.235435,1.685826,0.956809,0.092665,1.061115,"ASP161-OD1-0.955,ASP161-OD2-0.106","ILE28-N-0.076,ASN29-N-0.012,ASN29-ND2-0.005,LYS47-NZ-0.0"
7,7,24.41,44.63,28.8,15056,0.75,-4.255001,-1.139262,-3.115739,-7.928876,1.844589,-9.773466,-12.183877,-2.449759,-1.905241,-1.513141,-3.418382,2.980074,2.697795,0.881044,3.578839,0.9139,0.425694,0.916312,1.781482,0.869487,0.011557,"CYS94-SG-0.006,LEU95-O-0.006","CYS94-SG-0.021,LEU95-N-0.848"
8,8,24.06,47.28,42.69,14494,0.72,-5.605638,-0.637464,-4.968173,-6.663809,1.71377,-8.377579,-12.269446,-1.507024,-1.800406,-0.888425,-2.68883,4.534221,2.933007,0.808403,3.74141,0.668596,0.126186,1.133021,1.799986,0.807162,0.001242,"GLU144-OE1-0.0,GLU144-OE2-0.0,ASP161-OD1-0.001",ILE28-N-0.807
9,9,26.45,44.49,36.25,13945,0.7,-4.990235,-0.470524,-4.519711,-7.721826,1.617549,-9.339375,-12.712061,-2.082387,-1.80285,-1.500034,-3.302884,3.119756,2.570957,1.106561,3.677519,0.847399,0.398775,1.777268,0.793689,0.009968,1.096594,"GLU144-O-0.146,ASN145-OD1-0.0,THR160-OG1-0.951",THR160-OG1-0.01
10,10,23.66,41.86,36.41,12609,0.63,-7.621703,0.35596,-7.977662,-5.778515,1.168807,-6.947322,-13.400217,-1.719009,-1.767686,-1.409348,-3.177034,2.849869,2.121421,1.526529,3.64795,0.780359,0.450786,1.745896,0.375525,0.0,1.526529,"GLU99-OE1-0.197,GLU99-OE2-0.19,GLU144-OE1-0.096,GLU144-OE2-0.101,GLU144-O-0.943",NONE
11,11,26.92,47.49,34.72,11671,0.58,-4.252562,-1.182735,-3.069827,-7.755488,1.994333,-9.749821,-12.00805,-2.297086,-1.447431,-1.147806,-2.595237,3.394054,2.981064,0.04704,3.028104,0.889261,0.345914,1.119527,1.861537,0.042756,0.004284,"MET92-SD-0.0,THR160-OG1-0.0,ASP161-OD1-0.004","LYS47-NZ-0.041,ASP161-N-0.001"
12,12,23.34,50.5,37.33,11767,0.59,-5.485417,-1.211073,-4.274343,-5.733314,1.824498,-7.557813,-11.218731,-2.095608,-1.54066,-1.159162,-2.699822,2.911702,2.280955,0.612731,2.893686,0.801847,0.43887,1.183309,1.097646,0.010538,0.602193,"LEU26-O-0.001,GLY27-O-0.0,GLY30-O-0.599,LYS31-O-0.002","GLY27-N-0.0,LYS47-NZ-0.01"
13,13,24.86,48.48,37.6,10849,0.54,-9.457773,-0.313366,-9.144407,-4.09367,1.639543,-5.733213,-13.551443,-1.856359,-1.3958,-1.389041,-2.784841,3.23698,2.5748,0.858051,3.432851,0.8191,0.376184,1.481058,1.093741,0.029035,0.829016,"LEU26-O-0.004,ASP161-OD1-0.82,ASP161-OD2-0.004",LYS47-NZ-0.029
14,14,22.09,40.05,29.64,10910,0.55,-5.232486,-0.135587,-5.096898,-7.181937,1.39659,-8.578526,-12.414422,-1.852051,-1.693494,-1.549644,-3.243137,3.246471,2.406508,1.133731,3.540238,0.770798,0.374355,1.458203,0.948304,0.189184,0.944546,"LEU95-O-0.944,ASP96-O-0.0",GLY98-N-0.189
15,15,26.85,46.02,41.97,10381,0.52,-11.687217,1.548474,-13.23569,-2.029142,0.512505,-2.541647,-13.716358,-0.372583,-1.930162,-2.166307,-4.096469,3.962528,1.255659,1.962817,3.218476,0.34866,0.23636,1.07822,0.17744,0.164917,1.7979,"ASP140-OD1-0.001,ASP140-OD2-0.974,GLU144-OE2-0.0,ASN145-OD1-0.0,ASP161-OD1-0.822,ASP161-OD2-0.0","LYS142-NZ-0.115,ASN145-ND2-0.05"
16,16,19.64,44.03,37.47,9974,0.5,-6.307479,-0.4323,-5.875179,-6.249912,1.712745,-7.962657,-12.55739,-1.75878,-1.51549,-0.659262,-2.174751,3.883798,2.910668,0.967315,3.877983,0.777878,0.251532,1.119912,1.790756,0.897834,0.069481,"LEU26-O-0.029,GLU144-OE1-0.015,GLU144-OE2-0.026",LEU26-N-0.898
17,17,25.95,44.8,39.15,10304,0.52,-4.017012,-0.711411,-3.305601,-8.106105,1.459345,-9.56545,-12.123118,-1.942114,-1.381244,-0.905747,-2.286991,3.297069,2.412558,0.930512,3.343071,0.758331,0.364604,1.658967,0.753591,9.7e-05,0.930415,"GLU144-OE1-0.016,GLU144-OE2-0.011,GLU144-O-0.07,ASN145-OD1-0.291,ASP161-OD1-0.542,ASP161-OD2-0.0",ASN145-ND2-0.0
18,18,24.53,44.27,42.18,10045,0.5,-9.511844,0.345054,-9.856898,-3.16574,1.03853,-4.20427,-12.677583,-1.026473,-1.431574,-1.249377,-2.680951,4.120259,2.016227,1.236038,3.252265,0.523767,0.205963,0.755202,1.261025,0.626083,0.609955,"GLU144-OE1-0.352,GLU144-OE2-0.258,ASN145-OD1-0.0",LYS142-NZ-0.626
19,19,27.27,45.82,32.01,9558,0.48,-1.77936,-1.186673,-0.592686,-8.754103,1.660001,-10.414104,-10.533463,-2.416971,-1.428572,-1.076344,-2.504916,3.009416,2.573969,0.026156,2.600126,0.871446,0.420039,1.03212,1.54185,0.0,0.026156,MET92-SD-0.026,NONE
20,20,22.36,42.94,28.14,9116,0.46,-4.679848,-0.822266,-3.857582,-6.850913,1.61002,-8.460933,-11.530761,-2.009765,-1.392791,-0.984711,-2.377501,3.229377,2.568232,0.687143,3.255375,0.818719,0.377649,1.375274,1.192957,0.030825,0.656319,"CYS94-SG-0.008,LEU95-O-0.478,ASP96-OD1-0.124,ASP96-OD2-0.047","CYS94-SG-0.018,LEU95-N-0.013"
21,21,23.04,46.42,36.63,8954,0.45,-4.877106,-0.837791,-4.039316,-6.4152,1.490142,-7.905342,-11.292307,-1.853699,-1.253742,-0.719913,-1.973655,3.573152,2.686285,0.332365,3.018651,0.781136,0.311399,1.246705,1.43958,0.000335,0.33203,"GLY25-O-0.0,LEU26-O-0.331,GLU144-OE1-0.0,GLU144-OE2-0.0",LEU26-N-0.0
22,22,20.3,42.28,26.14,8921,0.45,-7.008116,0.33781,-7.345926,-6.143755,1.351866,-7.49562,-13.15187,-1.828304,-1.277399,-0.977095,-2.254494,3.227889,2.374958,1.103912,3.47887,0.76381,0.377936,1.423383,0.951575,0.162874,0.941038,"GLN34-OE1-0.004,CYS94-SG-0.004,ASP96-OD1-0.378,ASP96-OD2-0.556","GLN34-NE2-0.0,LYS43-NZ-0.163"
23,23,21.92,42.69,31.94,9217,0.46,-3.999708,-0.207931,-3.791777,-8.664563,1.741234,-10.405797,-12.664271,-1.984784,-1.416854,-1.127639,-2.544493,3.755994,2.913204,0.847347,3.760551,0.803458,0.276162,1.900184,1.013019,0.0,0.847347,"LEU24-O-0.847,GLU99-OE2-0.0",NONE
24,24,21.16,39.92,32.31,9031,0.45,-6.172975,-0.136409,-6.036566,-6.950268,1.672963,-8.623231,-13.123242,-1.711274,-1.256155,-0.753098,-2.009253,3.968885,2.910641,0.614218,3.524859,0.760551,0.235135,1.648655,1.261986,0.0,0.614218,"GLU99-OE1-0.287,GLU99-OE2-0.328",NONE
25,25,23.67,44.45,31.58,8577,0.43,-4.163713,-0.999419,-3.164294,-7.544799,1.964914,-9.509713,-11.708512,-2.210483,-1.171233,-1.102684,-2.273917,3.667949,3.226769,0.111694,3.338463,0.888264,0.29313,1.592165,1.634604,0.0,0.111694,LEU24-O-0.112,NONE
26,26,18.32,43.66,24.49,7911,0.4,-7.133082,0.304083,-7.437164,-5.373744,0.86639,-6.240134,-12.506826,-1.510043,-1.131579,-0.900597,-2.032176,2.966882,1.834155,1.479838,3.313993,0.6586,0.428236,0.735052,1.099103,0.798635,0.681203,"GLN22-OE1-0.088,GLN34-OE1-0.588,ASP96-OD1-0.003,ASP96-OD2-0.002","GLN22-NE2-0.01,GLN34-NE2-0.031,LYS43-NZ-0.758"
27,27,23.27,45.51,40.44,6988,0.35,-4.928806,-0.046328,-4.882479,-7.87248,1.478831,-9.351311,-12.801286,-1.603125,-1.168625,-0.818047,-1.986672,4.345306,2.714654,0.953921,3.668575,0.651613,0.162593,1.846022,0.868632,0.0,0.953921,"LEU26-O-0.649,GLU144-OE1-0.119,GLU144-OE2-0.186,ASP161-OD1-0.0",NONE
28,28,23.72,44.42,34.65,6919,0.35,-3.523609,-0.846244,-2.677365,-9.021165,2.372738,-11.393903,-12.544774,-1.962575,-0.992018,-0.952406,-1.944424,4.541697,3.598208,0.00159,3.599798,0.812211,0.124745,1.749964,1.848244,0.0,0.00159,LEU24-O-0.002,NONE
29,29,18.32,42.21,29.97,6590,0.33,-2.032109,-0.591086,-1.441023,-9.969739,1.788181,-11.75792,-12.001848,-1.926522,-1.019835,-0.274503,-1.294338,4.294841,3.253111,0.132929,3.386039,0.780952,0.172318,1.609712,1.643399,0.0,0.132929,"VAL23-O-0.0,LEU24-O-0.133",NONE
30,30,21.65,41.4,34.62,6460,0.32,-6.024677,-0.024109,-6.000568,-7.371422,1.94651,-9.317932,-13.396099,-1.726047,-1.024061,-0.979987,-2.004048,4.212848,3.067028,0.645201,3.712229,0.754239,0.188119,1.820433,1.246594,0.0,0.645201,"LEU24-O-0.002,GLU99-OE1-0.314,GLU99-OE2-0.315,GLU144-OE1-0.006,GLU144-OE2-0.008",NONE
31,31,20.08,38.35,28.91,6161,0.31,-3.000348,-0.573578,-2.42677,-9.333425,1.922976,-11.256401,-12.333773,-1.868039,-0.96511,-0.571187,-1.536296,4.232267,3.140237,0.297841,3.438078,0.766767,0.184377,1.582698,1.557539,0.019802,0.278039,"ASP96-OD1-0.004,ASP96-OD2-0.017,ASP96-O-0.257","GLY98-N-0.001,LYS151-NZ-0.019"
32,32,20.57,40.36,37.63,6266,0.31,-8.79974,0.804479,-9.604219,-5.018343,1.177738,-6.19608,-13.818083,-1.211395,-0.968153,-0.75996,-1.728114,4.090967,2.387328,1.383339,3.770667,0.62021,0.211608,1.771784,0.615544,0.000319,1.383019,"GLU99-OE1-0.426,GLU99-OE2-0.343,GLU144-OE1-0.291,GLU144-OE2-0.323",LYS286-NZ-0.0
33,33,19.57,42.52,34.98,6068,0.3,-2.748994,-0.328086,-2.420907,-9.586686,1.882373,-11.469059,-12.33568,-1.727121,-1.073239,-0.484782,-1.558021,4.566744,3.157218,0.41414,3.571358,0.72083,0.119918,1.765162,1.392057,0.0,0.41414,"LEU24-O-0.401,GLU99-OE1-0.007,GLU99-OE2-0.005,GLU144-OE2-0.0",NONE
34,34,18.98,39.07,26.64,5847,0.29,-6.260467,0.299039,-6.559506,-6.626338,1.298627,-7.924965,-12.886805,-1.373947,-0.915297,-0.524229,-1.439525,4.305285,2.604755,0.871729,3.476484,0.637417,0.170305,1.37438,1.230375,0.252095,0.619634,"ASP96-OD1-0.121,ASP96-OD2-0.373,ASP96-O-0.126",LYS151-NZ-0.252
35,35,21.76,44.14,37.39,6403,0.32,-6.581584,-0.292207,-6.289377,-6.072337,1.593833,-7.66617,-12.65392,-1.508197,-0.98673,-0.560503,-1.547233,4.221459,2.801499,0.774793,3.576292,0.688201,0.18646,1.484773,1.316727,0.234578,0.540216,"LEU26-O-0.137,GLU144-OE1-0.146,GLU144-OE2-0.257",LEU26-N-0.235
36,36,20.29,41.69,28.51,5704,0.29,-2.226986,-0.720606,-1.50638,-10.477882,2.485354,-12.963236,-12.704868,-2.019816,-0.931983,-0.572421,-1.504404,4.533661,3.610273,0.076788,3.687062,0.818491,0.126294,1.798212,1.812062,0.0,0.076788,"LEU95-O-0.001,ASP96-OD1-0.036,ASP96-OD2-0.04",NONE
37,37,21.05,44.87,41.26,5646,0.28,-6.775109,0.55117,-7.326279,-6.353658,1.04835,-7.402008,-13.128767,-1.36834,-1.040065,-1.049068,-2.089134,3.937832,2.323238,1.392136,3.715374,0.625037,0.241119,1.809954,0.513284,0.0,1.392136,"LEU26-O-0.752,GLU144-OE1-0.247,GLU144-OE2-0.393",NONE
